{
"lengthUnit": "mil",
"components": {
	"fields": ["COMPONENT_NO", "COMPONENT_NAME", "LAYER", "X_COORDINATE", "Y_COORDINATE", "ANGLE"],
	"rows": [
		[1, "5V", "T", 1780, -55, 180],
		[2, "BOOT", "T", 3110, 1340, 270],
		[3, "C1", "T", 1710, 1550, 270],
		[4, "C2", "T", 1710, 1120, 270],
		[5, "C3", "T", 1710, 700, 270],
		[6, "C4", "T", 1710, 270, 270],
		[7, "L1", "T", 1460, 1550, 270],
		[8, "L2", "T", 1460, 1120, 270],
		[9, "L3", "T", 1460, 700, 270],
		[10, "L4", "T", 1460, 270, 270],
		[11, "PROG", "T", 3270, 1540, 90],
		[12, "U6", "T", 2240, 1550, 0],
		[13, "U7", "T", 2240, 1120, 0],
		[14, "U8", "T", 2240, 690, 0],
		[15, "U9", "T", 2240, 265, 0],
		[16, "U10", "T", 4055, 405, 0]
	]
},
"pins": {
	"fields": ["PIN_NO", "PIN_NAME", "PIN_X", "PIN_Y", "LAYER", "PIN_TYPE", "NET_NAME", "NET_TYPE", "PAD_SHAPE", "PAD_SIZEX", "PAD_SIZEY", "HOLE_SIZE", "PAD_ANGLE"],
	"rows": [
		[1, "5V_1", 1829.22, -55, "T", "DIP", "+5V", "", "R", 60, 60, 41.34, 180],
		[2, "5V_1", 1829.22, -55, "B", "DIP", "+5V", "", "R", 60, 60, 41.34, 180],
		[3, "5V_2", 1730.78, -55, "T", "DIP", "GND", "GND", "R", 60, 60, 41.34, 180],
		[4, "5V_2", 1730.78, -55, "B", "DIP", "GND", "GND", "R", 60, 60, 41.34, 180],
		[5, "BOOT_1", 3110, 1390, "T", "DIP", "BOOT", "", "R", 78.74, 78.74, 47.24, 270],
		[6, "BOOT_1", 3110, 1390, "B", "DIP", "BOOT", "", "R", 78.74, 78.74, 47.24, 270],
		[7, "BOOT_2", 3110, 1290, "T", "DIP", "GND", "GND", "C", 78.74, 78.74, 47.24, 270],
		[8, "BOOT_2", 3110, 1290, "B", "DIP", "GND", "GND", "C", 78.74, 78.74, 47.24, 270],
		[9, "C1_1", 1710, 1648.42, "T", "DIP", "TX1", "", "R", 60, 60, 36, 270],
		[10, "C1_1", 1710, 1648.42, "B", "DIP", "TX1", "", "R", 60, 60, 36, 270],
		[11, "C1_2", 1710, 1550, "T", "DIP", "RX1", "", "C", 60, 60, 36, 270],
		[12, "C1_2", 1710, 1550, "B", "DIP", "RX1", "", "C", 60, 60, 36, 270],
		[13, "C1_3", 1710, 1451.58, "T", "DIP", "GND", "GND", "C", 60, 60, 36, 270],
		[14, "C1_3", 1710, 1451.58, "B", "DIP", "GND", "GND", "C", 60, 60, 36, 270],
		[15, "C2_1", 1710, 1218.42, "T", "DIP", "TX2", "", "R", 60, 60, 36, 270],
		[16, "C2_1", 1710, 1218.42, "B", "DIP", "TX2", "", "R", 60, 60, 36, 270],
		[17, "C2_2", 1710, 1119.99, "T", "DIP", "RX2", "", "C", 60, 60, 36, 270],
		[18, "C2_2", 1710, 1119.99, "B", "DIP", "RX2", "", "C", 60, 60, 36, 270],
		[19, "C2_3", 1710, 1021.58, "T", "DIP", "GND", "GND", "C", 60, 60, 36, 270],
		[20, "C2_3", 1710, 1021.58, "B", "DIP", "GND", "GND", "C", 60, 60, 36, 270],
		[21, "C3_1", 1710, 798.42, "T", "DIP", "TX3", "", "R", 60, 60, 36, 270],
		[22, "C3_1", 1710, 798.42, "B", "DIP", "TX3", "", "R", 60, 60, 36, 270],
		[23, "C3_2", 1710, 700, "T", "DIP", "RX3", "", "C", 60, 60, 36, 270],
		[24, "C3_2", 1710, 700, "B", "DIP", "RX3", "", "C", 60, 60, 36, 270],
		[25, "C3_3", 1710, 601.58, "T", "DIP", "GND", "GND", "C", 60, 60, 36, 270],
		[26, "C3_3", 1710, 601.58, "B", "DIP", "GND", "GND", "C", 60, 60, 36, 270],
		[27, "C4_1", 1710, 368.43, "T", "DIP", "TX4", "", "R", 60, 60, 36, 270],
		[28, "C4_1", 1710, 368.43, "B", "DIP", "TX4", "", "R", 60, 60, 36, 270],
		[29, "C4_2", 1710, 270, "T", "DIP", "RX4", "", "C", 60, 60, 36, 270],
		[30, "C4_2", 1710, 270, "B", "DIP", "RX4", "", "C", 60, 60, 36, 270],
		[31, "C4_3", 1710, 171.57, "T", "DIP", "GND", "GND", "C", 60, 60, 36, 270],
		[32, "C4_3", 1710, 171.57, "B", "DIP", "GND", "GND", "C", 60, 60, 36, 270],
		[33, "L1_1", 1524.96, 1642.52, "T", "SMD", "VCC", "", "R", 62.99, 47.24, 0, 270],
		[34, "L1_2", 1395.04, 1642.52, "T", "SMD", "$1N1073", "", "R", 62.99, 47.24, 0, 270],
		[35, "L1_3", 1395.04, 1457.48, "T", "SMD", "GND", "GND", "R", 62.99, 47.24, 0, 270],
		[36, "L1_4", 1524.96, 1457.48, "T", "SMD", "LED", "", "R", 62.99, 47.24, 0, 270],
		[37, "L2_1", 1524.96, 1212.52, "T", "SMD", "VCC", "", "R", 62.99, 47.24, 0, 270],
		[38, "L2_2", 1395.04, 1212.52, "T", "SMD", "$1N1074", "", "R", 62.99, 47.24, 0, 270],
		[39, "L2_3", 1395.04, 1027.48, "T", "SMD", "GND", "GND", "R", 62.99, 47.24, 0, 270],
		[40, "L2_4", 1524.96, 1027.48, "T", "SMD", "$1N1073", "", "R", 62.99, 47.24, 0, 270],
		[41, "L3_1", 1524.96, 792.52, "T", "SMD", "VCC", "", "R", 62.99, 47.24, 0, 270],
		[42, "L3_2", 1395.04, 792.52, "T", "SMD", "$1N1075", "", "R", 62.99, 47.24, 0, 270],
		[43, "L3_3", 1395.04, 607.48, "T", "SMD", "GND", "GND", "R", 62.99, 47.24, 0, 270],
		[44, "L3_4", 1524.96, 607.48, "T", "SMD", "$1N1074", "", "R", 62.99, 47.24, 0, 270],
		[45, "L4_1", 1524.96, 362.52, "T", "SMD", "VCC", "", "R", 62.99, 47.24, 0, 270],
		[46, "L4_2", 1395.04, 362.52, "T", "SMD", "L4_2", "", "R", 62.99, 47.24, 0, 270],
		[47, "L4_3", 1395.04, 177.48, "T", "SMD", "GND", "GND", "R", 62.99, 47.24, 0, 270],
		[48, "L4_4", 1524.96, 177.48, "T", "SMD", "$1N1075", "", "R", 62.99, 47.24, 0, 270],
		[49, "PROG_1", 3270, 1290, "T", "DIP", "GND", "GND", "R", 66.93, 66.93, 43.31, 90],
		[50, "PROG_1", 3270, 1290, "B", "DIP", "GND", "GND", "R", 66.93, 66.93, 43.31, 90],
		[51, "PROG_2", 3270, 1390, "T", "DIP", "CTS", "", "C", 66.93, 66.93, 43.31, 90],
		[52, "PROG_2", 3270, 1390, "B", "DIP", "CTS", "", "C", 66.93, 66.93, 43.31, 90],
		[53, "PROG_3", 3270, 1490, "T", "DIP", "VCC", "", "C", 66.93, 66.93, 43.31, 90],
		[54, "PROG_3", 3270, 1490, "B", "DIP", "VCC", "", "C", 66.93, 66.93, 43.31, 90],
		[55, "PROG_4", 3270, 1590, "T", "DIP", "TX", "", "C", 66.93, 66.93, 43.31, 90],
		[56, "PROG_4", 3270, 1590, "B", "DIP", "TX", "", "C", 66.93, 66.93, 43.31, 90],
		[57, "PROG_5", 3270, 1690, "T", "DIP", "RX", "", "C", 66.93, 66.93, 43.31, 90],
		[58, "PROG_5", 3270, 1690, "B", "DIP", "RX", "", "C", 66.93, 66.93, 43.31, 90],
		[59, "PROG_6", 3270, 1790, "T", "DIP", "DTR", "", "C", 66.93, 66.93, 43.31, 90],
		[60, "PROG_6", 3270, 1790, "B", "DIP", "DTR", "", "C", 66.93, 66.93, 43.31, 90],
		[61, "U6_1", 2239.99, 1864.96, "T", "DIP", "GND", "GND", "R", 118.11, 59.05, 39.37, 0],
		[62, "U6_1", 2239.99, 1864.96, "B", "DIP", "GND", "GND", "R", 118.11, 59.05, 39.37, 0],
		[63, "U6_2", 2239.99, 1766.54, "T", "DIP", "VCC", "", "R", 118.11, 59.05, 39.37, 0],
		[64, "U6_2", 2239.99, 1766.54, "B", "DIP", "VCC", "", "R", 118.11, 59.05, 39.37, 0],
		[65, "U6_3", 2239.99, 1648.43, "T", "DIP", "TX1", "", "R", 118.11, 59.05, 39.37, 0],
		[66, "U6_3", 2239.99, 1648.43, "B", "DIP", "TX1", "", "R", 118.11, 59.05, 39.37, 0],
		[67, "U6_4", 2239.99, 1550, "T", "DIP", "RX1", "", "R", 118.11, 59.05, 39.37, 0],
		[68, "U6_4", 2239.99, 1550, "B", "DIP", "RX1", "", "R", 118.11, 59.05, 39.37, 0],
		[69, "U6_5", 2791.17, 1546, "T", "DIP", "GND", "GND", "R", 118.11, 59.05, 39.37, 0],
		[70, "U6_5", 2791.17, 1546, "B", "DIP", "GND", "GND", "R", 118.11, 59.05, 39.37, 0],
		[71, "U6_6", 2791.18, 1648.42, "T", "DIP", "VCC", "", "R", 118.11, 59.05, 39.37, 0],
		[72, "U6_6", 2791.18, 1648.42, "B", "DIP", "VCC", "", "R", 118.11, 59.05, 39.37, 0],
		[73, "U6_7", 2791.17, 1766.53, "T", "DIP", "RX4T", "", "R", 118.11, 59.05, 39.37, 0],
		[74, "U6_7", 2791.17, 1766.53, "B", "DIP", "RX4T", "", "R", 118.11, 59.05, 39.37, 0],
		[75, "U6_8", 2791.18, 1864.96, "T", "DIP", "TX4T", "", "R", 118.11, 59.05, 39.37, 0],
		[76, "U6_8", 2791.18, 1864.96, "B", "DIP", "TX4T", "", "R", 118.11, 59.05, 39.37, 0],
		[77, "U7_1", 2239.99, 1434.96, "T", "DIP", "GND", "GND", "R", 118.11, 59.05, 39.37, 0],
		[78, "U7_1", 2239.99, 1434.96, "B", "DIP", "GND", "GND", "R", 118.11, 59.05, 39.37, 0],
		[79, "U7_2", 2239.99, 1336.54, "T", "DIP", "VCC", "", "R", 118.11, 59.05, 39.37, 0],
		[80, "U7_2", 2239.99, 1336.54, "B", "DIP", "VCC", "", "R", 118.11, 59.05, 39.37, 0],
		[81, "U7_3", 2239.99, 1218.43, "T", "DIP", "TX2", "", "R", 118.11, 59.05, 39.37, 0],
		[82, "U7_3", 2239.99, 1218.43, "B", "DIP", "TX2", "", "R", 118.11, 59.05, 39.37, 0],
		[83, "U7_4", 2239.99, 1120, "T", "DIP", "RX2", "", "R", 118.11, 59.05, 39.37, 0],
		[84, "U7_4", 2239.99, 1120, "B", "DIP", "RX2", "", "R", 118.11, 59.05, 39.37, 0],
		[85, "U7_5", 2791.17, 1116, "T", "DIP", "GND", "GND", "R", 118.11, 59.05, 39.37, 0],
		[86, "U7_5", 2791.17, 1116, "B", "DIP", "GND", "GND", "R", 118.11, 59.05, 39.37, 0],
		[87, "U7_6", 2791.18, 1218.42, "T", "DIP", "VCC", "", "R", 118.11, 59.05, 39.37, 0],
		[88, "U7_6", 2791.18, 1218.42, "B", "DIP", "VCC", "", "R", 118.11, 59.05, 39.37, 0],
		[89, "U7_7", 2791.17, 1336.53, "T", "DIP", "RX3T", "", "R", 118.11, 59.05, 39.37, 0],
		[90, "U7_7", 2791.17, 1336.53, "B", "DIP", "RX3T", "", "R", 118.11, 59.05, 39.37, 0],
		[91, "U7_8", 2791.18, 1434.96, "T", "DIP", "TX3T", "", "R", 118.11, 59.05, 39.37, 0],
		[92, "U7_8", 2791.18, 1434.96, "B", "DIP", "TX3T", "", "R", 118.11, 59.05, 39.37, 0],
		[93, "U8_1", 2239.99, 1004.96, "T", "DIP", "GND", "GND", "R", 118.11, 59.05, 39.37, 0],
		[94, "U8_1", 2239.99, 1004.96, "B", "DIP", "GND", "GND", "R", 118.11, 59.05, 39.37, 0],
		[95, "U8_2", 2239.99, 906.54, "T", "DIP", "VCC", "", "R", 118.11, 59.05, 39.37, 0],
		[96, "U8_2", 2239.99, 906.54, "B", "DIP", "VCC", "", "R", 118.11, 59.05, 39.37, 0],
		[97, "U8_3", 2239.99, 788.43, "T", "DIP", "TX3", "", "R", 118.11, 59.05, 39.37, 0],
		[98, "U8_3", 2239.99, 788.43, "B", "DIP", "TX3", "", "R", 118.11, 59.05, 39.37, 0],
		[99, "U8_4", 2239.99, 690, "T", "DIP", "RX3", "", "R", 118.11, 59.05, 39.37, 0],
		[100, "U8_4", 2239.99, 690, "B", "DIP", "RX3", "", "R", 118.11, 59.05, 39.37, 0],
		[101, "U8_5", 2791.17, 686, "T", "DIP", "GND", "GND", "R", 118.11, 59.05, 39.37, 0],
		[102, "U8_5", 2791.17, 686, "B", "DIP", "GND", "GND", "R", 118.11, 59.05, 39.37, 0],
		[103, "U8_6", 2791.18, 788.42, "T", "DIP", "VCC", "", "R", 118.11, 59.05, 39.37, 0],
		[104, "U8_6", 2791.18, 788.42, "B", "DIP", "VCC", "", "R", 118.11, 59.05, 39.37, 0],
		[105, "U8_7", 2791.17, 906.53, "T", "DIP", "RX2T", "", "R", 118.11, 59.05, 39.37, 0],
		[106, "U8_7", 2791.17, 906.53, "B", "DIP", "RX2T", "", "R", 118.11, 59.05, 39.37, 0],
		[107, "U8_8", 2791.18, 1004.96, "T", "DIP", "TX2T", "", "R", 118.11, 59.05, 39.37, 0],
		[108, "U8_8", 2791.18, 1004.96, "B", "DIP", "TX2T", "", "R", 118.11, 59.05, 39.37, 0],
		[109, "U9_1", 2239.99, 579.96, "T", "DIP", "GND", "GND", "R", 118.11, 59.05, 39.37, 0],
		[110, "U9_1", 2239.99, 579.96, "B", "DIP", "GND", "GND", "R", 118.11, 59.05, 39.37, 0],
		[111, "U9_2", 2239.99, 481.54, "T", "DIP", "VCC", "", "R", 118.11, 59.05, 39.37, 0],
		[112, "U9_2", 2239.99, 481.54, "B", "DIP", "VCC", "", "R", 118.11, 59.05, 39.37, 0],
		[113, "U9_3", 2239.99, 363.43, "T", "DIP", "TX4", "", "R", 118.11, 59.05, 39.37, 0],
		[114, "U9_3", 2239.99, 363.43, "B", "DIP", "TX4", "", "R", 118.11, 59.05, 39.37, 0],
		[115, "U9_4", 2239.99, 265, "T", "DIP", "RX4", "", "R", 118.11, 59.05, 39.37, 0],
		[116, "U9_4", 2239.99, 265, "B", "DIP", "RX4", "", "R", 118.11, 59.05, 39.37, 0],
		[117, "U9_5", 2791.17, 261, "T", "DIP", "GND", "GND", "R", 118.11, 59.05, 39.37, 0],
		[118, "U9_5", 2791.17, 261, "B", "DIP", "GND", "GND", "R", 118.11, 59.05, 39.37, 0],
		[119, "U9_6", 2791.18, 363.42, "T", "DIP", "VCC", "", "R", 118.11, 59.05, 39.37, 0],
		[120, "U9_6", 2791.18, 363.42, "B", "DIP", "VCC", "", "R", 118.11, 59.05, 39.37, 0],
		[121, "U9_7", 2791.17, 481.53, "T", "DIP", "RX1T", "", "R", 118.11, 59.05, 39.37, 0],
		[122, "U9_7", 2791.17, 481.53, "B", "DIP", "RX1T", "", "R", 118.11, 59.05, 39.37, 0],
		[123, "U9_8", 2791.18, 579.96, "T", "DIP", "TX1T", "", "R", 118.11, 59.05, 39.37, 0],
		[124, "U9_8", 2791.18, 579.96, "B", "DIP", "TX1T", "", "R", 118.11, 59.05, 39.37, 0],
		[125, "U10_1", 2047.25, 1795, "T", "DIP", "U10_1", "", "C", 71.94, 71.94, 31, 0],
		[126, "U10_1", 2047.25, 1795, "B", "DIP", "U10_1", "", "C", 71.94, 71.94, 31, 0],
		[127, "U10_2", 2047.25, 1695, "T", "DIP", "GND", "GND", "C", 71.94, 71.94, 31, 0],
		[128, "U10_2", 2047.25, 1695, "B", "DIP", "GND", "GND", "C", 71.94, 71.94, 31, 0],
		[129, "U10_3", 2047.25, 1595, "T", "DIP", "VCC", "", "C", 71.94, 71.94, 31, 0],
		[130, "U10_3", 2047.25, 1595, "B", "DIP", "VCC", "", "C", 71.94, 71.94, 31, 0],
		[131, "U10_4", 2047.25, 1495, "T", "DIP", "U10_4", "", "C", 71.94, 71.94, 31, 0],
		[132, "U10_4", 2047.25, 1495, "B", "DIP", "U10_4", "", "C", 71.94, 71.94, 31, 0],
		[133, "U10_5", 2047.25, 1395, "T", "DIP", "TX4T", "", "C", 71.94, 71.94, 31, 0],
		[134, "U10_5", 2047.25, 1395, "B", "DIP", "TX4T", "", "C", 71.94, 71.94, 31, 0],
		[135, "U10_6", 2047.25, 1295, "T", "DIP", "RX4T", "", "C", 71.94, 71.94, 31, 0],
		[136, "U10_6", 2047.25, 1295, "B", "DIP", "RX4T", "", "C", 71.94, 71.94, 31, 0],
		[137, "U10_7", 2047.25, 1195, "T", "DIP", "TX3T", "", "C", 71.94, 71.94, 31, 0],
		[138, "U10_7", 2047.25, 1195, "B", "DIP", "TX3T", "", "C", 71.94, 71.94, 31, 0],
		[139, "U10_8", 2047.25, 1095, "T", "DIP", "RX3T", "", "C", 71.94, 71.94, 31, 0],
		[140, "U10_8", 2047.25, 1095, "B", "DIP", "RX3T", "", "C", 71.94, 71.94, 31, 0],
		[141, "U10_9", 2047.25, 995, "T", "DIP", "U10_9", "", "C", 71.94, 71.94, 31, 0],
		[142, "U10_9", 2047.25, 995, "B", "DIP", "U10_9", "", "C", 71.94, 71.94, 31, 0],
		[143, "U10_10", 2047.25, 895, "T", "DIP", "VCC", "", "C", 71.94, 71.94, 31, 0],
		[144, "U10_10", 2047.25, 895, "B", "DIP", "VCC", "", "C", 71.94, 71.94, 31, 0],
		[145, "U10_11", 2047.25, 795, "T", "DIP", "GND", "GND", "C", 71.94, 71.94, 31, 0],
		[146, "U10_11", 2047.25, 795, "B", "DIP", "GND", "GND", "C", 71.94, 71.94, 31, 0],
		[147, "U10_12", 2047.25, 695, "T", "DIP", "+5V", "", "C", 71.94, 71.94, 31, 0],
		[148, "U10_12", 2047.25, 695, "B", "DIP", "+5V", "", "C", 71.94, 71.94, 31, 0],
		[149, "U10_13", 2047.25, 595, "T", "DIP", "U10_13", "", "C", 71.94, 71.94, 31, 0],
		[150, "U10_13", 2047.25, 595, "B", "DIP", "U10_13", "", "C", 71.94, 71.94, 31, 0],
		[151, "U10_14", 2952.75, 1795, "T", "DIP", "RX", "", "C", 71.94, 71.94, 31, 180],
		[152, "U10_14", 2952.75, 1795, "B", "DIP", "RX", "", "C", 71.94, 71.94, 31, 180],
		[153, "U10_15", 2952.75, 1695, "T", "DIP", "TX", "", "C", 71.94, 71.94, 31, 180],
		[154, "U10_15", 2952.75, 1695, "B", "DIP", "TX", "", "C", 71.94, 71.94, 31, 180],
		[155, "U10_16", 2952.75, 1595, "T", "DIP", "BOOT", "", "C", 71.94, 71.94, 31, 180],
		[156, "U10_16", 2952.75, 1595, "B", "DIP", "BOOT", "", "C", 71.94, 71.94, 31, 180],
		[157, "U10_17", 2952.75, 1495, "T", "DIP", "GND", "GND", "C", 71.94, 71.94, 31, 180],
		[158, "U10_17", 2952.75, 1495, "B", "DIP", "GND", "GND", "C", 71.94, 71.94, 31, 180],
		[159, "U10_18", 2952.75, 1395, "T", "DIP", "U10_18", "", "C", 71.94, 71.94, 31, 180],
		[160, "U10_18", 2952.75, 1395, "B", "DIP", "U10_18", "", "C", 71.94, 71.94, 31, 180],
		[161, "U10_19", 2952.75, 1295, "T", "DIP", "U10_19", "", "C", 71.94, 71.94, 31, 180],
		[162, "U10_19", 2952.75, 1295, "B", "DIP", "U10_19", "", "C", 71.94, 71.94, 31, 180],
		[163, "U10_20", 2952.75, 1195, "T", "DIP", "LED", "", "C", 71.94, 71.94, 31, 180],
		[164, "U10_20", 2952.75, 1195, "B", "DIP", "LED", "", "C", 71.94, 71.94, 31, 180],
		[165, "U10_21", 2952.75, 1095, "T", "DIP", "TX2T", "", "C", 71.94, 71.94, 31, 180],
		[166, "U10_21", 2952.75, 1095, "B", "DIP", "TX2T", "", "C", 71.94, 71.94, 31, 180],
		[167, "U10_22", 2952.75, 995, "T", "DIP", "RX2T", "", "C", 71.94, 71.94, 31, 180],
		[168, "U10_22", 2952.75, 995, "B", "DIP", "RX2T", "", "C", 71.94, 71.94, 31, 180],
		[169, "U10_23", 2952.75, 895, "T", "DIP", "U10_23", "", "C", 71.94, 71.94, 31, 180],
		[170, "U10_23", 2952.75, 895, "B", "DIP", "U10_23", "", "C", 71.94, 71.94, 31, 180],
		[171, "U10_24", 2952.75, 795, "T", "DIP", "TX1T", "", "C", 71.94, 71.94, 31, 180],
		[172, "U10_24", 2952.75, 795, "B", "DIP", "TX1T", "", "C", 71.94, 71.94, 31, 180],
		[173, "U10_25", 2952.75, 695, "T", "DIP", "RX1T", "", "C", 71.94, 71.94, 31, 180],
		[174, "U10_25", 2952.75, 695, "B", "DIP", "RX1T", "", "C", 71.94, 71.94, 31, 180],
		[175, "U10_26", 2952.75, 595, "T", "DIP", "GND", "GND", "C", 71.94, 71.94, 31, 180],
		[176, "U10_26", 2952.75, 595, "B", "DIP", "GND", "GND", "C", 71.94, 71.94, 31, 180]
	]
}
}